.gyp	.js
1	1
1	1
1	1
1	1
1	2
3	106
2	51
1	46
1	46
2	49
1	8
1	4
1	4
1	4
1	7
2	41
2	41
1	2
1	20
1	1
2	97
5	9
1	11
1	19
1	1
2	2
6	13
2	1
1	19
2	13
3	19
4	229
4	227
4	218
1	15
1	53
1	14
1	6
2	5
1	1
2	33
1	7
4	29
1	12
1	14
1	110
1	3
1	2
1	8
1	6
1	6
1	3
1	14
1	16
1	19
1	26
1	16
1	16
1	3
1	17
1	6
1	19
1	7
1	9
1	16
1	24
1	3
1	3
1	3
1	1
1	15
1	5
1	10
1	14
1	31
1	6
1	37
1	32
1	20
1	13
1	1
1	27
1	29
1	14
1	10
1	2
1	6
1	10
1	2
1	15
1	39
1	21
1	42
1	44
1	1
1	25
12	487
2	5
10	604
1	1
2	2
2	153
266	373
4	234
1	14
1	1
2	63
5	570
1	3
1	1
1	25
2	11
2	11
6	93
